{"mode": "train", "epoch": 1, "iter": 50, "lr": 0.00198, "memory": 2098, "data_time": 0.05066, "loss_rpn_cls": 0.44645, "loss_rpn_bbox": 0.04931, "loss_cls": 0.59058, "acc": 88.41211, "loss_bbox": 0.11888, "loss": 1.20522, "grad_norm": 7.58334, "time": 0.27595}
{"mode": "train", "epoch": 1, "iter": 100, "lr": 0.00398, "memory": 2098, "data_time": 0.00656, "loss_rpn_cls": 0.16372, "loss_rpn_bbox": 0.05301, "loss_cls": 0.3541, "acc": 93.12305, "loss_bbox": 0.25505, "loss": 0.82589, "grad_norm": 2.77623, "time": 0.19939}
{"mode": "train", "epoch": 1, "iter": 150, "lr": 0.00597, "memory": 2098, "data_time": 0.00625, "loss_rpn_cls": 0.13861, "loss_rpn_bbox": 0.04508, "loss_cls": 0.35797, "acc": 93.01758, "loss_bbox": 0.26977, "loss": 0.81142, "grad_norm": 2.77771, "time": 0.19729}
{"mode": "train", "epoch": 1, "iter": 200, "lr": 0.00797, "memory": 2098, "data_time": 0.00643, "loss_rpn_cls": 0.11081, "loss_rpn_bbox": 0.04309, "loss_cls": 0.33684, "acc": 93.25195, "loss_bbox": 0.26086, "loss": 0.7516, "grad_norm": 2.22761, "time": 0.19868}
{"mode": "train", "epoch": 1, "iter": 250, "lr": 0.00997, "memory": 2098, "data_time": 0.00643, "loss_rpn_cls": 0.12031, "loss_rpn_bbox": 0.05037, "loss_cls": 0.37037, "acc": 92.16992, "loss_bbox": 0.29781, "loss": 0.83885, "grad_norm": 2.67675, "time": 0.19698}
{"mode": "train", "epoch": 1, "iter": 300, "lr": 0.01197, "memory": 2098, "data_time": 0.00662, "loss_rpn_cls": 0.12507, "loss_rpn_bbox": 0.04718, "loss_cls": 0.37155, "acc": 92.46484, "loss_bbox": 0.27683, "loss": 0.82062, "grad_norm": 3.10071, "time": 0.19905}
